id,phone,date
123,052-1234113,1011990
345,054-3434343,3403403
445,053-3434343,3403403
344,051-3434343,3403403
345,051-3434344,3403404
346,051-3434345,3403405
347,051-3434346,3403406
348,051-3434347,3403407
349,051-3434348,3403408
350,051-3434349,3403409
351,051-3434350,3403410
352,051-3434351,3403411
353,051-3434352,3403412
354,051-3434353,3403413
355,051-3434354,3403414
356,051-3434355,3403415
357,051-3434356,3403416
358,051-3434357,3403417
359,051-3434358,3403418
360,051-3434359,3403419
361,051-3434360,3403420
362,051-3434361,3403421
363,051-3434362,3403422
364,051-3434363,3403423
365,051-3434364,3403424
366,051-3434365,3403425
367,051-3434366,3403426
368,051-3434367,3403427
369,051-3434368,3403428
370,051-3434369,3403429
371,051-3434370,3403430
372,051-3434371,3403431
373,051-3434372,3403432
374,051-3434373,3403433
375,051-3434374,3403434
376,051-3434375,3403435
377,051-3434376,3403436
378,051-3434377,3403437
379,051-3434378,3403438
380,051-3434379,3403439
381,051-3434380,3403440
382,051-3434381,3403441
383,051-3434382,3403442
384,051-3434383,3403443
385,051-3434384,3403444
386,051-3434385,3403445
387,051-3434386,3403446
388,051-3434387,3403447
389,051-3434388,3403448
390,051-3434389,3403449
391,051-3434390,3403450
392,051-3434391,3403451
393,051-3434392,3403452
394,051-3434393,3403453
395,051-3434394,3403454
396,051-3434395,3403455
397,051-3434396,3403456
398,051-3434397,3403457
399,051-3434398,3403458
400,051-3434399,3403459
401,051-3434400,3403460
402,051-3434401,3403461
403,051-3434402,3403462
404,051-3434403,3403463
405,051-3434404,3403464
406,051-3434405,3403465
407,051-3434406,3403466
408,051-3434407,3403467
409,051-3434408,3403468
410,051-3434409,3403469
411,051-3434410,3403470
412,051-3434411,3403471
413,051-3434412,3403472
414,051-3434413,3403473
415,051-3434414,3403474
416,051-3434415,3403475
417,051-3434416,3403476
418,051-3434417,3403477
419,051-3434418,3403478
420,051-3434419,3403479
421,051-3434420,3403480
422,051-3434421,3403481
423,051-3434422,3403482
424,051-3434423,3403483
425,051-3434424,3403484
426,051-3434425,3403485
427,051-3434426,3403486
428,051-3434427,3403487
429,051-3434428,3403488
430,051-3434429,3403489
431,051-3434430,3403490
432,051-3434431,3403491
433,051-3434432,3403492
434,051-3434433,3403493
435,051-3434434,3403494
436,051-3434435,3403495
437,051-3434436,3403496
438,051-3434437,3403497
439,051-3434438,3403498
440,051-3434439,3403499
441,051-3434440,3403500
442,051-3434441,3403501
443,051-3434442,3403502
444,051-3434443,3403503
445,051-3434444,3403504
446,051-3434445,3403505
447,051-3434446,3403506
448,051-3434447,3403507
449,051-3434448,3403508
450,051-3434449,3403509
451,051-3434450,3403510
452,051-3434451,3403511
453,051-3434452,3403512
454,051-3434453,3403513
455,051-3434454,3403514
456,051-3434455,3403515
457,051-3434456,3403516
458,051-3434457,3403517
459,051-3434458,3403518
460,051-3434459,3403519
461,051-3434460,3403520
462,051-3434461,3403521
463,051-3434462,3403522
464,051-3434463,3403523
465,051-3434464,3403524
466,051-3434465,3403525
467,051-3434466,3403526
468,051-3434467,3403527
469,051-3434468,3403528
470,051-3434469,3403529
471,051-3434470,3403530
472,051-3434471,3403531
473,051-3434472,3403532
474,051-3434473,3403533
475,051-3434474,3403534
476,051-3434475,3403535
477,051-3434476,3403536
478,051-3434477,3403537
479,051-3434478,3403538
480,051-3434479,3403539
481,051-3434480,3403540
482,051-3434481,3403541
483,051-3434482,3403542
484,051-3434483,3403543
485,051-3434484,3403544
486,051-3434485,3403545
487,051-3434486,3403546
488,051-3434487,3403547
489,051-3434488,3403548
490,051-3434489,3403549
491,051-3434490,3403550
492,051-3434491,3403551
493,051-3434492,3403552
494,051-3434493,3403553
495,051-3434494,3403554
496,051-3434495,3403555
497,051-3434496,3403556
498,051-3434497,3403557
499,051-3434498,3403558
500,051-3434499,3403559
501,051-3434500,3403560
502,051-3434501,3403561
503,051-3434502,3403562
504,051-3434503,3403563
505,051-3434504,3403564
506,051-3434505,3403565
507,051-3434506,3403566
508,051-3434507,3403567
509,051-3434508,3403568
510,051-3434509,3403569
511,051-3434510,3403570
512,051-3434511,3403571
513,051-3434512,3403572
514,051-3434513,3403573
515,051-3434514,3403574
516,051-3434515,3403575
517,051-3434516,3403576
518,051-3434517,3403577
519,051-3434518,3403578
520,051-3434519,3403579
521,051-3434520,3403580
522,051-3434521,3403581
523,051-3434522,3403582
524,051-3434523,3403583
525,051-3434524,3403584
526,051-3434525,3403585
527,051-3434526,3403586
528,051-3434527,3403587
529,051-3434528,3403588
530,051-3434529,3403589
531,051-3434530,3403590
532,051-3434531,3403591
533,051-3434532,3403592
534,051-3434533,3403593
535,051-3434534,3403594
536,051-3434535,3403595
537,051-3434536,3403596
538,051-3434537,3403597
539,051-3434538,3403598
540,051-3434539,3403599
541,051-3434540,3403600
542,051-3434541,3403601
543,051-3434542,3403602
544,051-3434543,3403603
545,051-3434544,3403604
546,051-3434545,3403605
547,051-3434546,3403606
548,051-3434547,3403607
549,051-3434548,3403608
550,051-3434549,3403609
551,051-3434550,3403610
552,051-3434551,3403611
553,051-3434552,3403612
554,051-3434553,3403613
555,051-3434554,3403614
556,051-3434555,3403615
557,051-3434556,3403616
558,051-3434557,3403617
559,051-3434558,3403618
560,051-3434559,3403619
561,051-3434560,3403620
562,051-3434561,3403621
563,051-3434562,3403622
564,051-3434563,3403623
565,051-3434564,3403624
566,051-3434565,3403625
567,051-3434566,3403626
568,051-3434567,3403627
569,051-3434568,3403628
570,051-3434569,3403629
571,051-3434570,3403630
572,051-3434571,3403631
573,051-3434572,3403632
574,051-3434573,3403633
575,051-3434574,3403634
576,051-3434575,3403635
577,051-3434576,3403636
578,051-3434577,3403637
579,051-3434578,3403638
580,051-3434579,3403639
581,051-3434580,3403640
582,051-3434581,3403641
583,051-3434582,3403642
584,051-3434583,3403643
585,051-3434584,3403644
586,051-3434585,3403645
587,051-3434586,3403646
588,051-3434587,3403647
589,051-3434588,3403648
590,051-3434589,3403649
591,051-3434590,3403650
592,051-3434591,3403651
593,051-3434592,3403652
594,051-3434593,3403653
595,051-3434594,3403654
596,051-3434595,3403655
597,051-3434596,3403656
598,051-3434597,3403657
599,051-3434598,3403658
600,051-3434599,3403659
601,051-3434600,3403660
602,051-3434601,3403661
603,051-3434602,3403662
604,051-3434603,3403663
605,051-3434604,3403664
606,051-3434605,3403665
607,051-3434606,3403666
608,051-3434607,3403667
609,051-3434608,3403668
610,051-3434609,3403669
611,051-3434610,3403670
612,051-3434611,3403671
613,051-3434612,3403672
614,051-3434613,3403673
615,051-3434614,3403674
616,051-3434615,3403675
617,051-3434616,3403676
618,051-3434617,3403677
619,051-3434618,3403678
620,051-3434619,3403679
621,051-3434620,3403680
622,051-3434621,3403681
623,051-3434622,3403682
624,051-3434623,3403683
625,051-3434624,3403684
626,051-3434625,3403685
627,051-3434626,3403686
628,051-3434627,3403687
629,051-3434628,3403688
630,051-3434629,3403689
631,051-3434630,3403690
632,051-3434631,3403691
633,051-3434632,3403692
634,051-3434633,3403693
635,051-3434634,3403694
636,051-3434635,3403695
637,051-3434636,3403696
638,051-3434637,3403697
639,051-3434638,3403698
640,051-3434639,3403699
641,051-3434640,3403700
642,051-3434641,3403701
643,051-3434642,3403702
644,051-3434643,3403703
645,051-3434644,3403704
646,051-3434645,3403705
647,051-3434646,3403706
648,051-3434647,3403707
649,051-3434648,3403708
650,051-3434649,3403709
651,051-3434650,3403710
652,051-3434651,3403711
653,051-3434652,3403712
654,051-3434653,3403713
655,051-3434654,3403714
656,051-3434655,3403715
657,051-3434656,3403716
658,051-3434657,3403717
659,051-3434658,3403718
660,051-3434659,3403719
661,051-3434660,3403720
662,051-3434661,3403721
663,051-3434662,3403722
664,051-3434663,3403723
665,051-3434664,3403724
666,051-3434665,3403725
667,051-3434666,3403726
668,051-3434667,3403727
669,051-3434668,3403728
670,051-3434669,3403729
671,051-3434670,3403730
672,051-3434671,3403731
673,051-3434672,3403732
674,051-3434673,3403733
675,051-3434674,3403734
676,051-3434675,3403735
677,051-3434676,3403736
678,051-3434677,3403737
679,051-3434678,3403738
680,051-3434679,3403739
681,051-3434680,3403740
682,051-3434681,3403741
683,051-3434682,3403742
684,051-3434683,3403743
685,051-3434684,3403744
686,051-3434685,3403745
687,051-3434686,3403746
688,051-3434687,3403747
689,051-3434688,3403748
690,051-3434689,3403749
691,051-3434690,3403750
692,051-3434691,3403751
693,051-3434692,3403752
694,051-3434693,3403753
695,051-3434694,3403754
696,051-3434695,3403755
697,051-3434696,3403756
698,051-3434697,3403757
699,051-3434698,3403758
700,051-3434699,3403759
701,051-3434700,3403760
702,051-3434701,3403761
703,051-3434702,3403762
704,051-3434703,3403763
705,051-3434704,3403764
706,051-3434705,3403765
707,051-3434706,3403766
708,051-3434707,3403767
709,051-3434708,3403768
710,051-3434709,3403769
711,051-3434710,3403770
712,051-3434711,3403771
713,051-3434712,3403772
714,051-3434713,3403773
715,051-3434714,3403774
716,051-3434715,3403775
717,051-3434716,3403776
718,051-3434717,3403777
719,051-3434718,3403778
720,051-3434719,3403779
721,051-3434720,3403780
722,051-3434721,3403781
723,051-3434722,3403782
724,051-3434723,3403783
725,051-3434724,3403784
726,051-3434725,3403785
727,051-3434726,3403786
728,051-3434727,3403787
729,051-3434728,3403788
730,051-3434729,3403789
731,051-3434730,3403790
732,051-3434731,3403791
733,051-3434732,3403792
734,051-3434733,3403793
735,051-3434734,3403794
736,051-3434735,3403795
737,051-3434736,3403796
738,051-3434737,3403797
739,051-3434738,3403798
740,051-3434739,3403799
741,051-3434740,3403800
742,051-3434741,3403801
743,051-3434742,3403802
744,051-3434743,3403803
745,051-3434744,3403804
746,051-3434745,3403805
747,051-3434746,3403806
748,051-3434747,3403807
749,051-3434748,3403808
750,051-3434749,3403809
751,051-3434750,3403810
752,051-3434751,3403811
753,051-3434752,3403812
754,051-3434753,3403813
755,051-3434754,3403814
756,051-3434755,3403815
757,051-3434756,3403816
758,051-3434757,3403817
759,051-3434758,3403818
760,051-3434759,3403819
761,051-3434760,3403820
762,051-3434761,3403821
763,051-3434762,3403822
764,051-3434763,3403823
765,051-3434764,3403824
766,051-3434765,3403825
767,051-3434766,3403826
768,051-3434767,3403827
769,051-3434768,3403828
770,051-3434769,3403829
771,051-3434770,3403830
772,051-3434771,3403831
773,051-3434772,3403832
774,051-3434773,3403833
775,051-3434774,3403834
776,051-3434775,3403835
777,051-3434776,3403836
778,051-3434777,3403837
779,051-3434778,3403838
780,051-3434779,3403839
781,051-3434780,3403840
782,051-3434781,3403841
783,051-3434782,3403842
784,051-3434783,3403843
785,051-3434784,3403844
786,051-3434785,3403845
787,051-3434786,3403846
788,051-3434787,3403847
789,051-3434788,3403848
790,051-3434789,3403849
791,051-3434790,3403850
792,051-3434791,3403851
793,051-3434792,3403852
794,051-3434793,3403853
795,051-3434794,3403854
796,051-3434795,3403855
797,051-3434796,3403856
798,051-3434797,3403857
799,051-3434798,3403858
800,051-3434799,3403859
801,051-3434800,3403860
802,051-3434801,3403861
803,051-3434802,3403862
804,051-3434803,3403863
805,051-3434804,3403864
806,051-3434805,3403865
807,051-3434806,3403866
808,051-3434807,3403867
809,051-3434808,3403868
810,051-3434809,3403869
811,051-3434810,3403870
812,051-3434811,3403871
813,051-3434812,3403872
814,051-3434813,3403873
815,051-3434814,3403874
816,051-3434815,3403875
817,051-3434816,3403876
818,051-3434817,3403877
819,051-3434818,3403878
820,051-3434819,3403879
821,051-3434820,3403880
822,051-3434821,3403881
823,051-3434822,3403882
824,051-3434823,3403883
825,051-3434824,3403884
826,051-3434825,3403885
827,051-3434826,3403886
828,051-3434827,3403887
829,051-3434828,3403888
830,051-3434829,3403889
831,051-3434830,3403890
832,051-3434831,3403891
833,051-3434832,3403892
834,051-3434833,3403893
835,051-3434834,3403894
836,051-3434835,3403895
837,051-3434836,3403896
838,051-3434837,3403897
839,051-3434838,3403898
840,051-3434839,3403899
841,051-3434840,3403900
842,051-3434841,3403901
843,051-3434842,3403902
844,051-3434843,3403903
845,051-3434844,3403904
846,051-3434845,3403905
847,051-3434846,3403906
848,051-3434847,3403907
849,051-3434848,3403908
850,051-3434849,3403909
851,051-3434850,3403910
852,051-3434851,3403911
853,051-3434852,3403912
854,051-3434853,3403913
855,051-3434854,3403914
856,051-3434855,3403915
857,051-3434856,3403916
858,051-3434857,3403917
859,051-3434858,3403918
860,051-3434859,3403919
861,051-3434860,3403920
862,051-3434861,3403921
863,051-3434862,3403922
864,051-3434863,3403923
865,051-3434864,3403924
866,051-3434865,3403925
867,051-3434866,3403926
868,051-3434867,3403927
869,051-3434868,3403928
870,051-3434869,3403929
871,051-3434870,3403930
872,051-3434871,3403931
873,051-3434872,3403932
874,051-3434873,3403933
875,051-3434874,3403934
876,051-3434875,3403935
877,051-3434876,3403936
878,051-3434877,3403937
879,051-3434878,3403938
880,051-3434879,3403939
881,051-3434880,3403940
882,051-3434881,3403941
883,051-3434882,3403942
884,051-3434883,3403943
885,051-3434884,3403944
886,051-3434885,3403945
887,051-3434886,3403946
888,051-3434887,3403947
889,051-3434888,3403948
890,051-3434889,3403949
891,051-3434890,3403950
892,051-3434891,3403951
893,051-3434892,3403952
894,051-3434893,3403953
895,051-3434894,3403954
896,051-3434895,3403955
897,051-3434896,3403956
898,051-3434897,3403957
899,051-3434898,3403958
900,051-3434899,3403959
901,051-3434900,3403960
902,051-3434901,3403961
903,051-3434902,3403962
904,051-3434903,3403963
905,051-3434904,3403964
906,051-3434905,3403965
907,051-3434906,3403966
908,051-3434907,3403967
909,051-3434908,3403968
910,051-3434909,3403969
911,051-3434910,3403970
912,051-3434911,3403971
913,051-3434912,3403972
914,051-3434913,3403973
915,051-3434914,3403974
916,051-3434915,3403975
917,051-3434916,3403976
918,051-3434917,3403977
919,051-3434918,3403978
920,051-3434919,3403979
921,051-3434920,3403980
922,051-3434921,3403981
923,051-3434922,3403982
924,051-3434923,3403983
925,051-3434924,3403984
926,051-3434925,3403985
927,051-3434926,3403986
928,051-3434927,3403987
929,051-3434928,3403988
930,051-3434929,3403989
931,051-3434930,3403990
932,051-3434931,3403991
933,051-3434932,3403992
934,051-3434933,3403993
935,051-3434934,3403994
936,051-3434935,3403995
937,051-3434936,3403996
938,051-3434937,3403997
939,051-3434938,3403998
940,051-3434939,3403999
941,051-3434940,3404000
942,051-3434941,3404001
943,051-3434942,3404002
944,051-3434943,3404003
945,051-3434944,3404004
946,051-3434945,3404005
947,051-3434946,3404006
948,051-3434947,3404007
949,051-3434948,3404008
950,051-3434949,3404009
951,051-3434950,3404010
952,051-3434951,3404011
953,051-3434952,3404012
954,051-3434953,3404013
955,051-3434954,3404014
956,051-3434955,3404015
957,051-3434956,3404016
958,051-3434957,3404017
959,051-3434958,3404018
960,051-3434959,3404019
961,051-3434960,3404020
962,051-3434961,3404021
963,051-3434962,3404022
964,051-3434963,3404023
965,051-3434964,3404024
966,051-3434965,3404025
967,051-3434966,3404026
968,051-3434967,3404027
969,051-3434968,3404028
970,051-3434969,3404029
971,051-3434970,3404030
972,051-3434971,3404031
973,051-3434972,3404032
974,051-3434973,3404033
975,051-3434974,3404034
976,051-3434975,3404035
977,051-3434976,3404036
978,051-3434977,3404037
979,051-3434978,3404038
980,051-3434979,3404039
981,051-3434980,3404040
982,051-3434981,3404041
983,051-3434982,3404042
984,051-3434983,3404043
985,051-3434984,3404044
986,051-3434985,3404045
987,051-3434986,3404046
988,051-3434987,3404047
989,051-3434988,3404048
990,051-3434989,3404049
991,051-3434990,3404050
992,051-3434991,3404051
993,051-3434992,3404052
994,051-3434993,3404053
995,051-3434994,3404054
996,051-3434995,3404055
997,051-3434996,3404056
998,051-3434997,3404057
999,051-3434998,3404058
1000,051-3434999,3404059
1001,051-3435000,3404060
1002,051-3435001,3404061
1003,051-3435002,3404062
1004,051-3435003,3404063
1005,051-3435004,3404064
1006,051-3435005,3404065
1007,051-3435006,3404066
1008,051-3435007,3404067
1009,051-3435008,3404068
1010,051-3435009,3404069
1011,051-3435010,3404070
1012,051-3435011,3404071
1013,051-3435012,3404072
1014,051-3435013,3404073
1015,051-3435014,3404074
1016,051-3435015,3404075
1017,051-3435016,3404076
1018,051-3435017,3404077
1019,051-3435018,3404078
1020,051-3435019,3404079
1021,051-3435020,3404080
1022,051-3435021,3404081
1023,051-3435022,3404082
1024,051-3435023,3404083
1025,051-3435024,3404084
1026,051-3435025,3404085
1027,051-3435026,3404086
1028,051-3435027,3404087
1029,051-3435028,3404088
1030,051-3435029,3404089
1031,051-3435030,3404090
1032,051-3435031,3404091
1033,051-3435032,3404092
1034,051-3435033,3404093
1035,051-3435034,3404094
1036,051-3435035,3404095
1037,051-3435036,3404096
1038,051-3435037,3404097
1039,051-3435038,3404098
1040,051-3435039,3404099
1041,051-3435040,3404100
1042,051-3435041,3404101
1043,051-3435042,3404102
1044,051-3435043,3404103
1045,051-3435044,3404104
1046,051-3435045,3404105
1047,051-3435046,3404106
1048,051-3435047,3404107
1049,051-3435048,3404108
1050,051-3435049,3404109
1051,051-3435050,3404110
1052,051-3435051,3404111
1053,051-3435052,3404112
1054,051-3435053,3404113
1055,051-3435054,3404114
1056,051-3435055,3404115
1057,051-3435056,3404116
1058,051-3435057,3404117
1059,051-3435058,3404118
1060,051-3435059,3404119
1061,051-3435060,3404120
1062,051-3435061,3404121
1063,051-3435062,3404122
1064,051-3435063,3404123
1065,051-3435064,3404124
1066,051-3435065,3404125
1067,051-3435066,3404126
1068,051-3435067,3404127
1069,051-3435068,3404128
1070,051-3435069,3404129
1071,051-3435070,3404130
1072,051-3435071,3404131
1073,051-3435072,3404132
1074,051-3435073,3404133
1075,051-3435074,3404134
1076,051-3435075,3404135
1077,051-3435076,3404136
1078,051-3435077,3404137
1079,051-3435078,3404138
1080,051-3435079,3404139
1081,051-3435080,3404140
1082,051-3435081,3404141
1083,051-3435082,3404142
1084,051-3435083,3404143
1085,051-3435084,3404144
1086,051-3435085,3404145
1087,051-3435086,3404146
1088,051-3435087,3404147
1089,051-3435088,3404148
1090,051-3435089,3404149
1091,051-3435090,3404150
1092,051-3435091,3404151
1093,051-3435092,3404152
1094,051-3435093,3404153
1095,051-3435094,3404154
1096,051-3435095,3404155
1097,051-3435096,3404156
1098,051-3435097,3404157
1099,051-3435098,3404158
1100,051-3435099,3404159
1101,051-3435100,3404160
1102,051-3435101,3404161
1103,051-3435102,3404162
1104,051-3435103,3404163
1105,051-3435104,3404164
1106,051-3435105,3404165
1107,051-3435106,3404166
1108,051-3435107,3404167
1109,051-3435108,3404168
1110,051-3435109,3404169
1111,051-3435110,3404170
1112,051-3435111,3404171
1113,051-3435112,3404172
1114,051-3435113,3404173
1115,051-3435114,3404174
1116,051-3435115,3404175
1117,051-3435116,3404176
1118,051-3435117,3404177
1119,051-3435118,3404178
1120,051-3435119,3404179
1121,051-3435120,3404180
1122,051-3435121,3404181
1123,051-3435122,3404182
1124,051-3435123,3404183
1125,051-3435124,3404184
1126,051-3435125,3404185
1127,051-3435126,3404186
1128,051-3435127,3404187
1129,051-3435128,3404188
1130,051-3435129,3404189
1131,051-3435130,3404190
1132,051-3435131,3404191
1133,051-3435132,3404192
1134,051-3435133,3404193
1135,051-3435134,3404194
1136,051-3435135,3404195
1137,051-3435136,3404196
1138,051-3435137,3404197
1139,051-3435138,3404198
1140,051-3435139,3404199
1141,051-3435140,3404200
1142,051-3435141,3404201
1143,051-3435142,3404202
1144,051-3435143,3404203
1145,051-3435144,3404204
1146,051-3435145,3404205
1147,051-3435146,3404206
1148,051-3435147,3404207
1149,051-3435148,3404208
1150,051-3435149,3404209
1151,051-3435150,3404210
1152,051-3435151,3404211
1153,051-3435152,3404212
1154,051-3435153,3404213
1155,051-3435154,3404214
1156,051-3435155,3404215
1157,051-3435156,3404216
1158,051-3435157,3404217
1159,051-3435158,3404218
1160,051-3435159,3404219
1161,051-3435160,3404220
1162,051-3435161,3404221
1163,051-3435162,3404222
1164,051-3435163,3404223
1165,051-3435164,3404224
1166,051-3435165,3404225
1167,051-3435166,3404226
1168,051-3435167,3404227
1169,051-3435168,3404228
1170,051-3435169,3404229
1171,051-3435170,3404230
1172,051-3435171,3404231
1173,051-3435172,3404232
1174,051-3435173,3404233
1175,051-3435174,3404234
1176,051-3435175,3404235
1177,051-3435176,3404236
1178,051-3435177,3404237
1179,051-3435178,3404238
1180,051-3435179,3404239
1181,051-3435180,3404240
1182,051-3435181,3404241
1183,051-3435182,3404242
1184,051-3435183,3404243
1185,051-3435184,3404244
1186,051-3435185,3404245
1187,051-3435186,3404246
1188,051-3435187,3404247
1189,051-3435188,3404248
1190,051-3435189,3404249
1191,051-3435190,3404250
1192,051-3435191,3404251
1193,051-3435192,3404252
1194,051-3435193,3404253
1195,051-3435194,3404254
1196,051-3435195,3404255
1197,051-3435196,3404256
1198,051-3435197,3404257
1199,051-3435198,3404258
1200,051-3435199,3404259
1201,051-3435200,3404260
1202,051-3435201,3404261
1203,051-3435202,3404262
1204,051-3435203,3404263
1205,051-3435204,3404264
1206,051-3435205,3404265
1207,051-3435206,3404266
1208,051-3435207,3404267
1209,051-3435208,3404268
1210,051-3435209,3404269
1211,051-3435210,3404270
1212,051-3435211,3404271
1213,051-3435212,3404272
1214,051-3435213,3404273
1215,051-3435214,3404274
1216,051-3435215,3404275
1217,051-3435216,3404276
1218,051-3435217,3404277
1219,051-3435218,3404278
1220,051-3435219,3404279
1221,051-3435220,3404280
1222,051-3435221,3404281
1223,051-3435222,3404282
1224,051-3435223,3404283
1225,051-3435224,3404284
1226,051-3435225,3404285
1227,051-3435226,3404286
1228,051-3435227,3404287
1229,051-3435228,3404288
1230,051-3435229,3404289
1231,051-3435230,3404290
1232,051-3435231,3404291
1233,051-3435232,3404292
1234,051-3435233,3404293
1235,051-3435234,3404294
1236,051-3435235,3404295
1237,051-3435236,3404296
1238,051-3435237,3404297
1239,051-3435238,3404298
1240,051-3435239,3404299
1241,051-3435240,3404300
1242,051-3435241,3404301
1243,051-3435242,3404302
1244,051-3435243,3404303
1245,051-3435244,3404304
1246,051-3435245,3404305
1247,051-3435246,3404306
1248,051-3435247,3404307
1249,051-3435248,3404308
1250,051-3435249,3404309
1251,051-3435250,3404310
1252,051-3435251,3404311
1253,051-3435252,3404312
1254,051-3435253,3404313
1255,051-3435254,3404314
1256,051-3435255,3404315
1257,051-3435256,3404316
1258,051-3435257,3404317
1259,051-3435258,3404318
1260,051-3435259,3404319
1261,051-3435260,3404320
1262,051-3435261,3404321
1263,051-3435262,3404322
1264,051-3435263,3404323
1265,051-3435264,3404324
1266,051-3435265,3404325
1267,051-3435266,3404326
1268,051-3435267,3404327
1269,051-3435268,3404328
1270,051-3435269,3404329
1271,051-3435270,3404330
1272,051-3435271,3404331
1273,051-3435272,3404332
1274,051-3435273,3404333
1275,051-3435274,3404334
1276,051-3435275,3404335
1277,051-3435276,3404336
1278,051-3435277,3404337
1279,051-3435278,3404338
1280,051-3435279,3404339
1281,051-3435280,3404340
1282,051-3435281,3404341
1283,051-3435282,3404342
1284,051-3435283,3404343
1285,051-3435284,3404344
1286,051-3435285,3404345
1287,051-3435286,3404346
1288,051-3435287,3404347
1289,051-3435288,3404348
1290,051-3435289,3404349
1291,051-3435290,3404350
1292,051-3435291,3404351
1293,051-3435292,3404352
1294,051-3435293,3404353
1295,051-3435294,3404354
1296,051-3435295,3404355
1297,051-3435296,3404356
1298,051-3435297,3404357
1299,051-3435298,3404358
1300,051-3435299,3404359
1301,051-3435300,3404360
1302,051-3435301,3404361
1303,051-3435302,3404362
1304,051-3435303,3404363
1305,051-3435304,3404364
1306,051-3435305,3404365
1307,051-3435306,3404366
1308,051-3435307,3404367
1309,051-3435308,3404368
1310,051-3435309,3404369
1311,051-3435310,3404370
1312,051-3435311,3404371
1313,051-3435312,3404372
1314,051-3435313,3404373
1315,051-3435314,3404374
1316,051-3435315,3404375
1317,051-3435316,3404376
1318,051-3435317,3404377
1319,051-3435318,3404378
1320,051-3435319,3404379
1321,051-3435320,3404380
1322,051-3435321,3404381
1323,051-3435322,3404382
1324,051-3435323,3404383
1325,051-3435324,3404384
1326,051-3435325,3404385
1327,051-3435326,3404386
1328,051-3435327,3404387
1329,051-3435328,3404388
1330,051-3435329,3404389
1331,051-3435330,3404390
1332,051-3435331,3404391
1333,051-3435332,3404392
1334,051-3435333,3404393
1335,051-3435334,3404394
1336,051-3435335,3404395
1337,051-3435336,3404396
1338,051-3435337,3404397
1339,051-3435338,3404398
1340,051-3435339,3404399
1341,051-3435340,3404400
1342,051-3435341,3404401
1343,051-3435342,3404402
1344,051-3435343,3404403
1345,051-3435344,3404404
1346,051-3435345,3404405
1347,051-3435346,3404406
1348,051-3435347,3404407
1349,051-3435348,3404408
1350,051-3435349,3404409
1351,051-3435350,3404410
1352,051-3435351,3404411
1353,051-3435352,3404412
1354,051-3435353,3404413
1355,051-3435354,3404414
1356,051-3435355,3404415
1357,051-3435356,3404416
1358,051-3435357,3404417
1359,051-3435358,3404418
1360,051-3435359,3404419
1361,051-3435360,3404420
1362,051-3435361,3404421
1363,051-3435362,3404422
1364,051-3435363,3404423
1365,051-3435364,3404424
1366,051-3435365,3404425
1367,051-3435366,3404426
1368,051-3435367,3404427
1369,051-3435368,3404428
1370,051-3435369,3404429
1371,051-3435370,3404430
1372,051-3435371,3404431
1373,051-3435372,3404432
1374,051-3435373,3404433
1375,051-3435374,3404434
1376,051-3435375,3404435
1377,051-3435376,3404436
1378,051-3435377,3404437
1379,051-3435378,3404438
1380,051-3435379,3404439
1381,051-3435380,3404440
1382,051-3435381,3404441
1383,051-3435382,3404442
1384,051-3435383,3404443
1385,051-3435384,3404444
1386,051-3435385,3404445
1387,051-3435386,3404446
1388,051-3435387,3404447
1389,051-3435388,3404448
1390,051-3435389,3404449
1391,051-3435390,3404450
1392,051-3435391,3404451
1393,051-3435392,3404452
1394,051-3435393,3404453
1395,051-3435394,3404454
1396,051-3435395,3404455
1397,051-3435396,3404456
1398,051-3435397,3404457
1399,051-3435398,3404458
1400,051-3435399,3404459
1401,051-3435400,3404460
1402,051-3435401,3404461
1403,051-3435402,3404462
1404,051-3435403,3404463
1405,051-3435404,3404464
1406,051-3435405,3404465
1407,051-3435406,3404466
1408,051-3435407,3404467
1409,051-3435408,3404468
1410,051-3435409,3404469
1411,051-3435410,3404470
1412,051-3435411,3404471
1413,051-3435412,3404472
1414,051-3435413,3404473
1415,051-3435414,3404474
1416,051-3435415,3404475
1417,051-3435416,3404476
1418,051-3435417,3404477
1419,051-3435418,3404478
1420,051-3435419,3404479
1421,051-3435420,3404480
1422,051-3435421,3404481
1423,051-3435422,3404482
1424,051-3435423,3404483
1425,051-3435424,3404484
1426,051-3435425,3404485
1427,051-3435426,3404486
1428,051-3435427,3404487
1429,051-3435428,3404488
1430,051-3435429,3404489
1431,051-3435430,3404490
1432,051-3435431,3404491
1433,051-3435432,3404492
1434,051-3435433,3404493
1435,051-3435434,3404494
1436,051-3435435,3404495
1437,051-3435436,3404496
1438,051-3435437,3404497
1439,051-3435438,3404498
1440,051-3435439,3404499
1441,051-3435440,3404500
1442,051-3435441,3404501
1443,051-3435442,3404502
1444,051-3435443,3404503
1445,051-3435444,3404504
1446,051-3435445,3404505
1447,051-3435446,3404506
1448,051-3435447,3404507
1449,051-3435448,3404508
1450,051-3435449,3404509
1451,051-3435450,3404510
1452,051-3435451,3404511
1453,051-3435452,3404512
1454,051-3435453,3404513
1455,051-3435454,3404514
1456,051-3435455,3404515
1457,051-3435456,3404516
1458,051-3435457,3404517
1459,051-3435458,3404518
1460,051-3435459,3404519
1461,051-3435460,3404520
1462,051-3435461,3404521
1463,051-3435462,3404522
1464,051-3435463,3404523
1465,051-3435464,3404524
1466,051-3435465,3404525
1467,051-3435466,3404526
1468,051-3435467,3404527
1469,051-3435468,3404528
1470,051-3435469,3404529
1471,051-3435470,3404530
1472,051-3435471,3404531
1473,051-3435472,3404532
1474,051-3435473,3404533
1475,051-3435474,3404534
1476,051-3435475,3404535
1477,051-3435476,3404536
1478,051-3435477,3404537
1479,051-3435478,3404538
1480,051-3435479,3404539
1481,051-3435480,3404540
1482,051-3435481,3404541
1483,051-3435482,3404542
1484,051-3435483,3404543
1485,051-3435484,3404544
1486,051-3435485,3404545
1487,051-3435486,3404546
1488,051-3435487,3404547
1489,051-3435488,3404548
1490,051-3435489,3404549
1491,051-3435490,3404550
1492,051-3435491,3404551
1493,051-3435492,3404552
1494,051-3435493,3404553
1495,051-3435494,3404554
1496,051-3435495,3404555
1497,051-3435496,3404556
1498,051-3435497,3404557
1499,051-3435498,3404558
1500,051-3435499,3404559
1501,051-3435500,3404560
1502,051-3435501,3404561
1503,051-3435502,3404562
1504,051-3435503,3404563
1505,051-3435504,3404564
1506,051-3435505,3404565
1507,051-3435506,3404566
1508,051-3435507,3404567
1509,051-3435508,3404568
1510,051-3435509,3404569
1511,051-3435510,3404570
1512,051-3435511,3404571
1513,051-3435512,3404572
1514,051-3435513,3404573
1515,051-3435514,3404574
1516,051-3435515,3404575
1517,051-3435516,3404576
1518,051-3435517,3404577
1519,051-3435518,3404578
1520,051-3435519,3404579
1521,051-3435520,3404580
1522,051-3435521,3404581
1523,051-3435522,3404582
1524,051-3435523,3404583
1525,051-3435524,3404584
1526,051-3435525,3404585
1527,051-3435526,3404586
1528,051-3435527,3404587
1529,051-3435528,3404588
1530,051-3435529,3404589
1531,051-3435530,3404590
1532,051-3435531,3404591
1533,051-3435532,3404592
1534,051-3435533,3404593
1535,051-3435534,3404594
1536,051-3435535,3404595
1537,051-3435536,3404596
1538,051-3435537,3404597
1539,051-3435538,3404598
1540,051-3435539,3404599
1541,051-3435540,3404600
1542,051-3435541,3404601
1543,051-3435542,3404602
1544,051-3435543,3404603
1545,051-3435544,3404604
1546,051-3435545,3404605
1547,051-3435546,3404606
1548,051-3435547,3404607
1549,051-3435548,3404608
1550,051-3435549,3404609
1551,051-3435550,3404610
1552,051-3435551,3404611
1553,051-3435552,3404612
1554,051-3435553,3404613
1555,051-3435554,3404614
1556,051-3435555,3404615
1557,051-3435556,3404616
1558,051-3435557,3404617
1559,051-3435558,3404618
1560,051-3435559,3404619
1561,051-3435560,3404620
1562,051-3435561,3404621
1563,051-3435562,3404622
1564,051-3435563,3404623
1565,051-3435564,3404624
1566,051-3435565,3404625
1567,051-3435566,3404626
1568,051-3435567,3404627
1569,051-3435568,3404628
1570,051-3435569,3404629
1571,051-3435570,3404630
1572,051-3435571,3404631
1573,051-3435572,3404632
1574,051-3435573,3404633
1575,051-3435574,3404634
1576,051-3435575,3404635
1577,051-3435576,3404636
1578,051-3435577,3404637
1579,051-3435578,3404638
1580,051-3435579,3404639
1581,051-3435580,3404640
1582,051-3435581,3404641
1583,051-3435582,3404642
1584,051-3435583,3404643
1585,051-3435584,3404644
1586,051-3435585,3404645
1587,051-3435586,3404646
1588,051-3435587,3404647
1589,051-3435588,3404648
1590,051-3435589,3404649
1591,051-3435590,3404650
1592,051-3435591,3404651
1593,051-3435592,3404652
1594,051-3435593,3404653
1595,051-3435594,3404654
1596,051-3435595,3404655
1597,051-3435596,3404656
1598,051-3435597,3404657
1599,051-3435598,3404658
1600,051-3435599,3404659
1601,051-3435600,3404660
1602,051-3435601,3404661
1603,051-3435602,3404662
1604,051-3435603,3404663
1605,051-3435604,3404664
1606,051-3435605,3404665
1607,051-3435606,3404666
1608,051-3435607,3404667
1609,051-3435608,3404668
1610,051-3435609,3404669
1611,051-3435610,3404670
1612,051-3435611,3404671
1613,051-3435612,3404672
1614,051-3435613,3404673
1615,051-3435614,3404674
1616,051-3435615,3404675
1617,051-3435616,3404676
1618,051-3435617,3404677
1619,051-3435618,3404678
1620,051-3435619,3404679
1621,051-3435620,3404680
1622,051-3435621,3404681
1623,051-3435622,3404682
1624,051-3435623,3404683
1625,051-3435624,3404684
1626,051-3435625,3404685
1627,051-3435626,3404686
1628,051-3435627,3404687
1629,051-3435628,3404688
1630,051-3435629,3404689
1631,051-3435630,3404690
1632,051-3435631,3404691
1633,051-3435632,3404692
1634,051-3435633,3404693
1635,051-3435634,3404694
1636,051-3435635,3404695
1637,051-3435636,3404696
1638,051-3435637,3404697
1639,051-3435638,3404698
1640,051-3435639,3404699
1641,051-3435640,3404700
1642,051-3435641,3404701
1643,051-3435642,3404702
1644,051-3435643,3404703
1645,051-3435644,3404704
1646,051-3435645,3404705
1647,051-3435646,3404706
1648,051-3435647,3404707
1649,051-3435648,3404708
1650,051-3435649,3404709
1651,051-3435650,3404710
1652,051-3435651,3404711
1653,051-3435652,3404712
1654,051-3435653,3404713
1655,051-3435654,3404714
1656,051-3435655,3404715
1657,051-3435656,3404716
1658,051-3435657,3404717
1659,051-3435658,3404718
1660,051-3435659,3404719
1661,051-3435660,3404720
1662,051-3435661,3404721
1663,051-3435662,3404722
1664,051-3435663,3404723
1665,051-3435664,3404724
1666,051-3435665,3404725
1667,051-3435666,3404726
1668,051-3435667,3404727
1669,051-3435668,3404728
1670,051-3435669,3404729
1671,051-3435670,3404730
1672,051-3435671,3404731
1673,051-3435672,3404732
1674,051-3435673,3404733
1675,051-3435674,3404734
1676,051-3435675,3404735
1677,051-3435676,3404736
1678,051-3435677,3404737
1679,051-3435678,3404738
1680,051-3435679,3404739
1681,051-3435680,3404740
1682,051-3435681,3404741
1683,051-3435682,3404742
1684,051-3435683,3404743
1685,051-3435684,3404744
1686,051-3435685,3404745
1687,051-3435686,3404746
1688,051-3435687,3404747
1689,051-3435688,3404748
1690,051-3435689,3404749
1691,051-3435690,3404750
1692,051-3435691,3404751
1693,051-3435692,3404752
1694,051-3435693,3404753
1695,051-3435694,3404754
1696,051-3435695,3404755
1697,051-3435696,3404756
1698,051-3435697,3404757
1699,051-3435698,3404758
1700,051-3435699,3404759
1701,051-3435700,3404760
1702,051-3435701,3404761
1703,051-3435702,3404762
1704,051-3435703,3404763
1705,051-3435704,3404764
1706,051-3435705,3404765
1707,051-3435706,3404766
1708,051-3435707,3404767
1709,051-3435708,3404768
1710,051-3435709,3404769
1711,051-3435710,3404770
1712,051-3435711,3404771
1713,051-3435712,3404772
1714,051-3435713,3404773
1715,051-3435714,3404774
1716,051-3435715,3404775
1717,051-3435716,3404776
1718,051-3435717,3404777
1719,051-3435718,3404778
1720,051-3435719,3404779
1721,051-3435720,3404780
1722,051-3435721,3404781
1723,051-3435722,3404782
1724,051-3435723,3404783
1725,051-3435724,3404784
1726,051-3435725,3404785
1727,051-3435726,3404786
1728,051-3435727,3404787
1729,051-3435728,3404788
1730,051-3435729,3404789
1731,051-3435730,3404790
1732,051-3435731,3404791
1733,051-3435732,3404792
1734,051-3435733,3404793
1735,051-3435734,3404794
1736,051-3435735,3404795
1737,051-3435736,3404796
1738,051-3435737,3404797
1739,051-3435738,3404798
1740,051-3435739,3404799
1741,051-3435740,3404800
1742,051-3435741,3404801
1743,051-3435742,3404802
1744,051-3435743,3404803
1745,051-3435744,3404804
1746,051-3435745,3404805
1747,051-3435746,3404806
1748,051-3435747,3404807
1749,051-3435748,3404808
1750,051-3435749,3404809
1751,051-3435750,3404810
1752,051-3435751,3404811
1753,051-3435752,3404812
1754,051-3435753,3404813
1755,051-3435754,3404814
1756,051-3435755,3404815
1757,051-3435756,3404816
1758,051-3435757,3404817
1759,051-3435758,3404818
1760,051-3435759,3404819
1761,051-3435760,3404820
1762,051-3435761,3404821
1763,051-3435762,3404822
1764,051-3435763,3404823
1765,051-3435764,3404824
1766,051-3435765,3404825
1767,051-3435766,3404826
1768,051-3435767,3404827
1769,051-3435768,3404828
1770,051-3435769,3404829
1771,051-3435770,3404830
1772,051-3435771,3404831
1773,051-3435772,3404832
1774,051-3435773,3404833
1775,051-3435774,3404834
1776,051-3435775,3404835
1777,051-3435776,3404836
1778,051-3435777,3404837
1779,051-3435778,3404838
1780,051-3435779,3404839
1781,051-3435780,3404840
1782,051-3435781,3404841
1783,051-3435782,3404842
1784,051-3435783,3404843
1785,051-3435784,3404844
1786,051-3435785,3404845
1787,051-3435786,3404846
1788,051-3435787,3404847
1789,051-3435788,3404848
1790,051-3435789,3404849
1791,051-3435790,3404850
1792,051-3435791,3404851
1793,051-3435792,3404852
1794,051-3435793,3404853
1795,051-3435794,3404854
1796,051-3435795,3404855
1797,051-3435796,3404856
1798,051-3435797,3404857
1799,051-3435798,3404858
1800,051-3435799,3404859
1801,051-3435800,3404860
1802,051-3435801,3404861
1803,051-3435802,3404862
1804,051-3435803,3404863
1805,051-3435804,3404864
1806,051-3435805,3404865
1807,051-3435806,3404866
1808,051-3435807,3404867
1809,051-3435808,3404868
1810,051-3435809,3404869
1811,051-3435810,3404870
1812,051-3435811,3404871
1813,051-3435812,3404872
1814,051-3435813,3404873
1815,051-3435814,3404874
1816,051-3435815,3404875
1817,051-3435816,3404876
1818,051-3435817,3404877
1819,051-3435818,3404878
1820,051-3435819,3404879
1821,051-3435820,3404880
1822,051-3435821,3404881
1823,051-3435822,3404882
1824,051-3435823,3404883
1825,051-3435824,3404884
1826,051-3435825,3404885
1827,051-3435826,3404886
1828,051-3435827,3404887
1829,051-3435828,3404888
1830,051-3435829,3404889
1831,051-3435830,3404890
1832,051-3435831,3404891
1833,051-3435832,3404892
1834,051-3435833,3404893
1835,051-3435834,3404894
1836,051-3435835,3404895
1837,051-3435836,3404896
1838,051-3435837,3404897
1839,051-3435838,3404898
1840,051-3435839,3404899
1841,051-3435840,3404900
1842,051-3435841,3404901
1843,051-3435842,3404902
1844,051-3435843,3404903
1845,051-3435844,3404904
1846,051-3435845,3404905
1847,051-3435846,3404906
1848,051-3435847,3404907
1849,051-3435848,3404908
1850,051-3435849,3404909
1851,051-3435850,3404910
1852,051-3435851,3404911
1853,051-3435852,3404912
1854,051-3435853,3404913
1855,051-3435854,3404914
1856,051-3435855,3404915
1857,051-3435856,3404916
1858,051-3435857,3404917
1859,051-3435858,3404918
1860,051-3435859,3404919
1861,051-3435860,3404920
1862,051-3435861,3404921
1863,051-3435862,3404922
1864,051-3435863,3404923